Workbook

Sheet 0_Hướng dẫn
A1: CS13 · Lộ trình sản phẩm AI — File thực hành · Đề 1 · SổSạch
A2: AI in Action · Track 1 · Khóa 4. FILE LÀM BÀI CỦA NHÓM · Đề 1 · SổSạch. Dữ liệu của đề nằm trong file CS13_HoSoTinhHuong.pdf; file CS13_Roadmap_Mau.xlsx là bản mẫu đã điền (một sản phẩm khác) để xem cách điền.
A4: Luật chơi: CHỈ điền vào ô màu VÀNG. Ô màu XANH là công thức và đã được khóa. Bắt đầu bằng trang 0_Đầu vào (Nhiệm vụ 0: đọc hồ sơ tình huống).
A5: Thứ tự làm: 0 Đọc hồ sơ → 1 Danh sách việc → 2 Mức tự động → 3 Bảng lộ trình → 4 Rà soát → 6 Tự kiểm tra. Trang 5 (slide lãnh đạo) làm ở nhà.
A6: Số liệu kinh tế của đề đã điền sẵn ở trang 2, dòng 12–20. Không cần file của buổi nào khác: mọi dữ liệu cần dùng nằm trong hồ sơ tình huống, Đề 1.
A7: Lộ trình theo GIẢ THUYẾT: mỗi hạng mục phải trả lời 'Ta tin rằng làm X sẽ giúp Y đạt Z; biết đúng khi chỉ số W đạt ngưỡng V'.
A8: Tên file nộp: [Nhom]_CS13.xlsx · Nộp bản có Nhiệm vụ 1–4 lên VLearn trước 18:00 ngày 16/10. Trang 5 (Nhiệm vụ 5, làm ở nhà) nộp trước 23:59 ngày 19/10.
A9: Tuân thủ: Luật Trí tuệ nhân tạo số 134/2025/QH15 (hiệu lực 01/3/2026) chia hệ thống AI thành 3 mức rủi ro và yêu cầu người dùng được thông tin khi tương tác với AI. Đọc văn bản gốc trước khi ghi vào bài.
A11: Chú thích màu:
A12: Ô điền giả định (không khóa)
A13: Ô công thức (tự tính, đã khóa)

Sheet 0_Đầu vào
A1: 0 · Nhiệm vụ 0: đọc hồ sơ tình huống, Đề 1 (5 phút)
A2: Cả nhóm đọc cùng một hồ sơ trước khi điền. Nhiệm vụ 0 không tính điểm; đánh dấu "Có" khi cả nhóm đã đọc mục đó.
A4: Mục trong hồ sơ tình huống | B4: Nhóm đã đọc chưa? | C4: Dùng ở đâu trong file | D4: Lưu ý | E4: Ghi chú của nhóm
A5: Số liệu kinh tế của đề (9 dòng) | B5: Có | C5: Đã điền sẵn ở trang 2, dòng 12–20: chi phí mỗi việc, biên lợi nhuận, điều kiện dừng | D5: Đọc để hiểu; không cần chép | E5: Đã nắm 9 dòng kinh tế: chi phí AI 254đ, người duyệt 50k/h, doanh thu 3.97tr, dừng ở 3.71tr
A6: Bối cảnh, sản phẩm, "1 việc" là gì | B6: Có | C6: Giả thuyết và chỉ số ở trang 1 | D6: Viết giả thuyết theo đúng "1 việc" của đề | E6: 1 việc = 1 hoá đơn được đọc, đối chiếu và nhập vào phần mềm kế toán
A7: 6 việc gợi ý | B7: Có | C7: Trang 1, cột B–C; nhóm được thêm việc của mình | D7: Giữ, bỏ hay đổi thứ tự đều phải ghi lý do ở cột Q | E7: Giữ 5 việc cốt lõi, loại việc tư vấn thuế bị nuốt, thêm việc giữ chân khách hàng lớn
A8: Kết quả đánh giá đã có (bộ đề, cổng phát hành) | B8: Có | C8: Cổng đánh giá ở trang 2; việc cần làm trước ở trang 3 | D8: Đề 2, 3: kết luận chưa phải "Phát hành" → có việc phải làm trước | E8: Bản 2 đã phát hành, 0 lỗi nghiêm trọng, tuần đầu chị Hạnh kiểm 1% hoá đơn thật
A9: Chuyên gia và số giờ của họ | B9: Có | C9: Dòng "Điều kiện cần" ở trang 3; ô "Cần gì" ở trang 5 | D9: Dẫn đúng số giờ trong hồ sơ | E9: Chị Hạnh 3 giờ sáng thứ Bảy (kế toán trưởng 15 năm); anh Tùng trưởng nhóm nhập liệu
A10: Gợi ý về người duyệt và mức tự động | B10: Có | C10: Trang 2, cột H và I | D10: Đề 3: bác sĩ của bệnh viện không tính vào chi phí | E10: Người duyệt là kế toán viên công ty; Mức 1 duyệt 20%, Mức 2 duyệt 10%
A12: Số mục nhóm đã đọc | B12: =COUNTIF(B5:B10,"Có")
A13: Đủ 6/6 thì sang Nhiệm vụ 1.

Sheet 1_Danh sách việc
A1: 1 · Danh sách việc và chấm điểm ưu tiên
A2: Điểm = Độ phủ × Tác động × Mức tự tin ÷ Công sức × (0,5 + 0,5 × sẵn sàng trung bình của dữ liệu và đánh giá) × (1 − 0,5 × rủi ro bị 'nuốt')
A4: STT | B4: Việc | C4: Kết quả muốn đạt | D4: Giả thuyết (Ta tin rằng…) | E4: Chỉ số thành công và ngưỡng | F4: Độ phủ 1–5 | G4: Tác động 1–5 | H4: Mức tự tin 0,5 / 0,8 / 1 | I4: Công sức 1–5 | J4: Sẵn sàng dữ liệu 0–1 | K4: Sẵn sàng đánh giá 0–1 | L4: Rủi ro bị nuốt 0–1 | M4: ĐIỂM | N4: Xếp hạng | O4: Chỉ số có con số? | P4: Tự làm / Mua / Chờ / Không làm | Q4: Lý do (đổi thứ tự, chọn mua hay chờ…)
A5: 1 | B5: Nhập tự động hoá đơn điện tử (tệp gốc XML/PDF) | C5: Giảm 70% thời gian nhập hoá đơn điện tử | D5: Ta tin rằng trích xuất tệp gốc và đồng bộ trực tiếp vào phần mềm kế toán sẽ giúp kế toán giảm 70% thời gian nhập liệu | E5: Thời gian nhập 1 hoá đơn giảm ≥ 70%; độ chính xác trường dữ liệu ≥ 99% | F5: 5 | G5: 4 | H5: 1 | I5: 1 | J5: 0.9 | K5: 0.8 | L5: 0.3 | M5: =IF(COUNT(F5:L5)<7,"",ROUND(F5*G5*H5/I5*(0.5+0.5*AVERAGE(J5:K5))*(1-0.5*L5),2)) | N5: =IF(M5="","",RANK(M5,$M$5:$M$14)) | O5: =IF(B5="","",IF(OR(D5="",E5=""),"Thiếu",IF(SUMPRODUCT(--ISNUMBER(SEARCH({"0","1","2","3","4","5","6","7","8","9"},E5)))>0,"Có","Thiếu"))) | P5: Tự làm | Q5: Hạng cao: công cụ đã có sẵn tính năng nhập từ tệp gốc, tích hợp nhanh, công sức thấp
A6: 2 | B6: Đối chiếu mã số thuế người bán qua API | C6: Không nhập nhầm người bán | D6: Ta tin rằng tự động tra cứu mã số thuế qua cổng Tổng cục Thuế sẽ ngăn ngừa 100% rủi ro nhập nhầm doanh nghiệp ngừng hoạt động | E6: Tỷ lệ đối chiếu đúng mã số thuế = 100%; thời gian tra cứu ≤ 2 giây/hoá đơn | F6: 5 | G6: 4 | H6: 1 | I6: 1 | J6: 0.9 | K6: 0.9 | L6: 0.2 | M6: =IF(COUNT(F6:L6)<7,"",ROUND(F6*G6*H6/I6*(0.5+0.5*AVERAGE(J6:K6))*(1-0.5*L6),2)) | N6: =IF(M6="","",RANK(M6,$M$5:$M$14)) | O6: =IF(B6="","",IF(OR(D6="",E6=""),"Thiếu",IF(SUMPRODUCT(--ISNUMBER(SEARCH({"0","1","2","3","4","5","6","7","8","9"},E6)))>0,"Có","Thiếu"))) | P6: Tự làm | Q6: Dịch vụ tra cứu MST đã có sẵn để tích hợp, bảo đảm 0 lỗi mã số thuế theo yêu cầu
A7: 3 | B7: Đọc ảnh hoá đơn giấy, ảnh chụp (Bản 2) | C7: Giảm 50% giờ nhập hoá đơn ảnh | D7: Ta tin rằng đọc ảnh hoá đơn qua 2 bước cho kế toán dịch vụ sẽ giúp giảm 50% thời gian nhập liệu hoá đơn giấy thủ công | E7: Thời gian xử lý giảm ≥ 50%; tỷ lệ nhận dạng đúng trường thông tin ≥ 95% | F7: 4 | G7: 5 | H7: 0.8 | I7: 3 | J7: 0.8 | K7: 0.8 | L7: 0.3 | M7: =IF(COUNT(F7:L7)<7,"",ROUND(F7*G7*H7/I7*(0.5+0.5*AVERAGE(J7:K7))*(1-0.5*L7),2)) | N7: =IF(M7="","",RANK(M7,$M$5:$M$14)) | O7: =IF(B7="","",IF(OR(D7="",E7=""),"Thiếu",IF(SUMPRODUCT(--ISNUMBER(SEARCH({"0","1","2","3","4","5","6","7","8","9"},E7)))>0,"Có","Thiếu"))) | P7: Tự làm | Q7: Tính năng cốt lõi của Bản 2 vừa qua cổng phát hành; xử lý mẫu hoá đơn Việt Nam khó bị nuốt
A8: 4 | B8: Gắn cờ hoá đơn cần người xem | C8: Kế toán chỉ xem khoảng 20% hoá đơn | D8: Ta tin rằng tự động phát hiện sai lệch và gắn cờ các ca nghi ngờ sẽ giúp kế toán chỉ cần duyệt 20% hoá đơn mà không lọt lỗi | E8: Tỷ lệ hoá đơn phải duyệt ≤ 20%; tỷ lệ cờ thừa ≤ 10%; lỗi nghiêm trọng = 0 | F8: 5 | G8: 5 | H8: 0.8 | I8: 2 | J8: 0.8 | K8: 0.8 | L8: 0.2 | M8: =IF(COUNT(F8:L8)<7,"",ROUND(F8*G8*H8/I8*(0.5+0.5*AVERAGE(J8:K8))*(1-0.5*L8),2)) | N8: =IF(M8="","",RANK(M8,$M$5:$M$14)) | O8: =IF(B8="","",IF(OR(D8="",E8=""),"Thiếu",IF(SUMPRODUCT(--ISNUMBER(SEARCH({"0","1","2","3","4","5","6","7","8","9"},E8)))>0,"Có","Thiếu"))) | P8: Tự làm | Q8: Việc quan trọng nhất để giảm chi phí người duyệt xuống dưới 20% và đưa biên gộp lên trên 60%
A9: 5 | B9: Kiểm chứng gói phí với nhóm văn phòng dùng nhiều | C9: Duy trì doanh thu bình quân ≥ 3,71 triệu | D9: Ta tin rằng thiết kế gói hạn mức linh hoạt cho 30% văn phòng lớn sẽ giữ chân khách hàng và duy trì doanh thu bình quân ≥ 3,97 triệu | E9: Doanh thu bình quân ≥ 3,71 triệu/văn phòng trên ít nhất 10 văn phòng; giữ chân ≥ 90% | F9: 3 | G9: 5 | H9: 0.8 | I9: 1 | J9: 0.9 | K9: 0.8 | L9: 0.1 | M9: =IF(COUNT(F9:L9)<7,"",ROUND(F9*G9*H9/I9*(0.5+0.5*AVERAGE(J9:K9))*(1-0.5*L9),2)) | N9: =IF(M9="","",RANK(M9,$M$5:$M$14)) | O9: =IF(B9="","",IF(OR(D9="",E9=""),"Thiếu",IF(SUMPRODUCT(--ISNUMBER(SEARCH({"0","1","2","3","4","5","6","7","8","9"},E9)))>0,"Có","Thiếu"))) | P9: Tự làm | Q9: Kiểm chứng biến nguy hiểm nhất của đề (65% doanh thu đến từ 30% văn phòng dùng nhiều)
A10: 6 | B10: Gợi ý tài khoản hạch toán theo ngành hàng | C10: Giảm 30% thời gian hạch toán | D10: Ta tin rằng gợi ý tự động tài khoản Nợ/Có dựa trên nội dung hàng hoá sẽ giúp kế toán giảm 30% thời gian định khoản | E10: Tỷ lệ gợi ý đúng tài khoản hạch toán ≥ 80%; giảm ≥ 30% thời gian định khoản | F10: 4 | G10: 3 | H10: 0.5 | I10: 4 | J10: 0.2 | K10: 0.3 | L10: 0.3 | M10: =IF(COUNT(F10:L10)<7,"",ROUND(F10*G10*H10/I10*(0.5+0.5*AVERAGE(J10:K10))*(1-0.5*L10),2)) | N10: =IF(M10="","",RANK(M10,$M$5:$M$14)) | O10: =IF(B10="","",IF(OR(D10="",E10=""),"Thiếu",IF(SUMPRODUCT(--ISNUMBER(SEARCH({"0","1","2","3","4","5","6","7","8","9"},E10)))>0,"Có","Thiếu"))) | P10: Chờ | Q10: Hồ sơ nêu rõ chưa có dữ liệu hạch toán của các doanh nghiệp khách hàng; chờ thu thập 3-6 tháng
A11: 7 | B11: Trả lời câu hỏi thuế chung cho khách của văn phòng | C11: Bớt cuộc gọi hỏi đáp | D11: Ta tin rằng trợ lý AI giải đáp luật thuế chung sẽ giảm bớt các cuộc gọi hỏi đáp trùng lặp cho văn phòng kế toán | E11: Giảm ≥ 30% cuộc gọi hỏi đáp; điểm hài lòng khách hàng ≥ 4.0/5 | F11: 3 | G11: 2 | H11: 0.5 | I11: 3 | J11: 0.4 | K11: 0.3 | L11: 0.9 | M11: =IF(COUNT(F11:L11)<7,"",ROUND(F11*G11*H11/I11*(0.5+0.5*AVERAGE(J11:K11))*(1-0.5*L11),2)) | N11: =IF(M11="","",RANK(M11,$M$5:$M$14)) | O11: =IF(B11="","",IF(OR(D11="",E11=""),"Thiếu",IF(SUMPRODUCT(--ISNUMBER(SEARCH({"0","1","2","3","4","5","6","7","8","9"},E11)))>0,"Có","Thiếu"))) | P11: Không làm | Q11: Rủi ro bị nuốt cực cao (0,9) do các mô hình AI nền tảng miễn phí làm rất tốt; ngoài trọng tâm SổSạch
A12: 8 | M12: =IF(COUNT(F12:L12)<7,"",ROUND(F12*G12*H12/I12*(0.5+0.5*AVERAGE(J12:K12))*(1-0.5*L12),2)) | N12: =IF(M12="","",RANK(M12,$M$5:$M$14)) | O12: =IF(B12="","",IF(OR(D12="",E12=""),"Thiếu",IF(SUMPRODUCT(--ISNUMBER(SEARCH({"0","1","2","3","4","5","6","7","8","9"},E12)))>0,"Có","Thiếu")))
A13: 9 | M13: =IF(COUNT(F13:L13)<7,"",ROUND(F13*G13*H13/I13*(0.5+0.5*AVERAGE(J13:K13))*(1-0.5*L13),2)) | N13: =IF(M13="","",RANK(M13,$M$5:$M$14)) | O13: =IF(B13="","",IF(OR(D13="",E13=""),"Thiếu",IF(SUMPRODUCT(--ISNUMBER(SEARCH({"0","1","2","3","4","5","6","7","8","9"},E13)))>0,"Có","Thiếu")))
A14: 10 | M14: =IF(COUNT(F14:L14)<7,"",ROUND(F14*G14*H14/I14*(0.5+0.5*AVERAGE(J14:K14))*(1-0.5*L14),2)) | N14: =IF(M14="","",RANK(M14,$M$5:$M$14)) | O14: =IF(B14="","",IF(OR(D14="",E14=""),"Thiếu",IF(SUMPRODUCT(--ISNUMBER(SEARCH({"0","1","2","3","4","5","6","7","8","9"},E14)))>0,"Có","Thiếu")))

Sheet 2_Mức tự động
A1: 2 · Lộ trình tăng dần mức tự động và cổng đánh giá
A2: Mỗi lần lên mức phải qua một cổng đánh giá bằng con số. Chưa qua cổng thì chưa lên mức, dù đã đến ngày. Mức tự động quyết định chi phí mỗi việc: xem cột H–L.
A4: Mức | B4: Tên mức | C4: AI làm gì | D4: Người làm gì | E4: Cổng đánh giá để lên mức này (chỉ số + ngưỡng + cỡ mẫu) | F4: Dữ liệu / hạ tầng / tuân thủ cần có | G4: Dự kiến (kế hoạch nội bộ, không phải cam kết) | H4: % việc có người duyệt | I4: Ai duyệt | J4: Chi phí mỗi việc (đ) | K4: Biên lợi nhuận gộp | L4: Biên ≥ 60%? | M4: Cổng có con số?
A5: 0 | B5: Gợi ý | C5: AI nhận dạng ảnh hoá đơn 2 bước và trích xuất dữ liệu thô | D5: Kế toán viên công ty kiểm tra và đối chiếu 100% hoá đơn trước khi nhập vào phần mềm | E5: — (mức khởi đầu) | F5: Kết nối phần mềm kế toán; bộ đề 40 ca; thông báo khách hàng đang xử lý qua AI theo Luật AI | G5: T1–T2 | H5: 1 | I5: Người của mình | J5: =IF(H5="","",$B$12+$B$13+IF(I5="Người của mình",H5*$B$14*$B$15/60,0)) | K5: =IF(J5="","",IFERROR(($B$16-$B$17*J5)/$B$16,"")) | L5: =IF(K5="","",IF(K5>=0.6,"Đạt","Dưới ngưỡng"))
A6: 1 | B6: Hỗ trợ có duyệt | C6: AI tự động nhập hoá đơn điện tử chuẩn và hoá đơn ảnh rõ nét; tự động gắn cờ ca nghi ngờ | D6: Kế toán viên duyệt 100% hoá đơn gắn cờ + kiểm tra ngẫu nhiên mẫu 10% (tổng duyệt 20%) | E6: Tỷ lệ đạt quy về thực tế ≥ 97% trên ≥ 500 hoá đơn thật; 0 lỗi mã số thuế; 0 lỗi tiền; do chị Hạnh xác nhận | F6: Mở rộng bộ đề lên 200 ca; quy trình kiểm tra mẫu 1% tuần đầu; phân quyền người duyệt | G6: T3–T4 | H6: 0.2 | I6: Người của mình | J6: =IF(H6="","",$B$12+$B$13+IF(I6="Người của mình",H6*$B$14*$B$15/60,0)) | K6: =IF(J6="","",IFERROR(($B$16-$B$17*J6)/$B$16,"")) | L6: =IF(K6="","",IF(K6>=0.6,"Đạt","Dưới ngưỡng")) | M6: =IF(E6="","",IF(SUMPRODUCT(--ISNUMBER(SEARCH({"0","1","2","3","4","5","6","7","8","9"},E6)))>0,"Có","Thiếu"))
A7: 2 | B7: Tự động một phần | C7: AI tự đối chiếu mã số thuế và nhập 90% hoá đơn; tự động chuyển ca bất thường vào hàng chờ | D7: Kế toán viên công ty chỉ xử lý các hoá đơn trong hàng chờ gắn cờ (khoảng 10%) | E7: Độ chính xác trường dữ liệu ≥ 98% trên ≥ 1.000 ca; tỷ lệ cờ thừa ≤ 10%; 0 lỗi mã số thuế; do anh Tùng xác nhận | F7: Hàng chờ xử lý ngoại lệ tự động; cơ chế cảnh báo tức thời khi sai mã số thuế; bộ đề 500 ca | G7: T5–T8 | H7: 0.1 | I7: Người của mình | J7: =IF(H7="","",$B$12+$B$13+IF(I7="Người của mình",H7*$B$14*$B$15/60,0)) | K7: =IF(J7="","",IFERROR(($B$16-$B$17*J7)/$B$16,"")) | L7: =IF(K7="","",IF(K7>=0.6,"Đạt","Dưới ngưỡng")) | M7: =IF(E7="","",IF(SUMPRODUCT(--ISNUMBER(SEARCH({"0","1","2","3","4","5","6","7","8","9"},E7)))>0,"Có","Thiếu"))
A8: 3 | B8: Tự động có giám sát | C8: AI tự động nhập hoá đơn và tự đối chiếu thuế; chỉ giữ lại 5% hoá đơn rủi ro cao | D8: Kế toán viên theo dõi bảng giám sát vận hành, chỉ can thiệp 5% ca ngoại lệ phức tạp | E8: Khớp dữ liệu ≥ 99% trên ≥ 2.000 ca; tỷ lệ khiếu nại sai sót < 0,1%; do chị Hạnh và ban giám đốc ký duyệt | F8: Tích hợp API Tổng cục Thuế thời gian thực; hệ thống phân tích bất thường tự động; lưu vết kiểm toán | G8: T9–T12 | H8: 0.05 | I8: Người của mình | J8: =IF(H8="","",$B$12+$B$13+IF(I8="Người của mình",H8*$B$14*$B$15/60,0)) | K8: =IF(J8="","",IFERROR(($B$16-$B$17*J8)/$B$16,"")) | L8: =IF(K8="","",IF(K8>=0.6,"Đạt","Dưới ngưỡng")) | M8: =IF(E8="","",IF(SUMPRODUCT(--ISNUMBER(SEARCH({"0","1","2","3","4","5","6","7","8","9"},E8)))>0,"Có","Thiếu"))
A11: SỐ LIỆU KINH TẾ CỦA ĐỀ (đã điền sẵn từ hồ sơ tình huống; sửa được nếu nhóm có lý do)
A12: Chi phí gọi AI / việc (đã tính gọi lại) | B12: 254 | C12: Hồ sơ, bảng Số liệu kinh tế, dòng 1
A13: Hạ tầng + đánh giá + khác / việc | B13: 200 | C13: dòng 2
A14: Số phút người duyệt / việc | B14: 1.5 | C14: dòng 3
A15: Chi phí 1 giờ người duyệt (đ) | B15: 50000 | C15: dòng 4
A16: Doanh thu bình quân / khách / tháng (đ) | B16: 3970000 | C16: dòng 5
A17: Số việc bình quân / khách / tháng | B17: 1760 | C17: dòng 6
A18: Biến nguy hiểm nhất | B18: Doanh thu bình quân (65% doanh thu đến từ 30% văn phòng dùng nhiều) | C18: dòng 7
A19: Điều kiện dừng đã chọn (theo đề) | B19: NẾU doanh thu bình quân dưới 3,71 triệu/văn phòng trong 2 tháng liên tiếp, trên ít nhất 10 văn phòng, THÌ dừng mở rộng | C19: dòng 8
A20: Kịch bản xấu hết tiền ở tháng | B20: 7 | C20: dòng 9
A22: Ghi chú: người duyệt của mình là kế toán viên của công ty. Gợi ý của đề: Mức 1 duyệt khoảng 20%; Mức 2 khoảng 10%.

Sheet 3_Bảng lộ trình
A1: 3 · Bảng lộ trình theo giả thuyết: Bây giờ / Tiếp theo / Sau này
A2: Bây giờ = cam kết (0–3 tháng) · Tiếp theo = định hướng (3–6 tháng) · Sau này = khám phá (6–12 tháng). Càng xa càng ít chi tiết.
A4: Dòng | B4: Bây giờ (0–3 tháng) | C4: Tiếp theo (3–6 tháng) | D4: Sau này (6–12 tháng)
A5: Việc chính (lấy từ trang 1) | B5: Nhập tự động hoá đơn điện tử (hạng 1) + Đối chiếu mã số thuế (hạng 2) + Đọc ảnh hoá đơn Bản 2 (hạng 3) + Gắn cờ hoá đơn (hạng 4) + Kiểm chứng khách lớn (hạng 5) | C5: Lên Mức 2 (Tự động một phần) cho 90% hoá đơn thường + Thu thập dữ liệu hạch toán từ 20 doanh nghiệp khách hàng | D5: Thử nghiệm Mức 3 (Tự động có giám sát) + Triển khai gợi ý tài khoản hạch toán theo ngành hàng. Không làm chatbot tư vấn thuế: rủi ro bị nuốt 0,9
A6: Giả thuyết | B6: Ta tin rằng nhập tự động tệp gốc kết hợp lọc cờ và đối chiếu MST sẽ giảm 50% thời gian nhập liệu mà không bao giờ sai mã số thuế hoặc tiền | C6: AI tự xử lý 90% hoá đơn và chuyển người kịp thời sẽ giúp văn phòng kế toán tăng gấp 2 năng suất xử lý | D6: Gợi ý tài khoản hạch toán đúng sẽ giúp kế toán hoàn tất trọn vẹn quy trình ghi sổ nhanh hơn 30%
A7: Chỉ số thành công và ngưỡng | B7: Tỷ lệ đạt bộ đề ≥ 97,3%; 0 lỗi sai mã số thuế hoặc tiền; tỷ lệ gắn cờ ≤ 20%; tuần đầu chị Hạnh kiểm tra 1% hoá đơn thật | C7: Tỷ lệ cờ thừa ≤ 10%; độ chính xác trường dữ liệu ≥ 98%; biên lợi nhuận gộp đạt 74,33% | D7: Tỷ lệ gợi ý đúng tài khoản ≥ 80%; tỷ lệ người duyệt công ty giảm còn 5%; biên gộp đạt 77,10%
A8: Mức tự động (trang 2) | B8: Mức 0 → Mức 1 (tỷ lệ người duyệt giảm từ 100% xuống 20%) | C8: Mức 2 (người duyệt công ty kiểm tra 10%) | D8: Mức 3 cho nhập liệu; Mức 1 cho gợi ý tài khoản hạch toán
A9: Cổng đánh giá | B9: Tỷ lệ đạt ≥ 97% trên ≥ 500 hoá đơn thật; sai mã số thuế = 0; sai tiền = 0 do chị Hạnh xác nhận | C9: Độ chính xác ≥ 98% trên ≥ 1.000 ca; tỷ lệ cờ thừa ≤ 10%; 0 lỗi mã số thuế do anh Tùng xác nhận | D9: Khớp dữ liệu ≥ 99% trên ≥ 2.000 ca; tỷ lệ khiếu nại sai sót < 0,1%
A10: Điều kiện cần: dữ liệu / hạ tầng / tuân thủ | B10: Bộ đề chuẩn 40 ca thực tế; dịch vụ tra cứu mã số thuế tích hợp sẵn; 3 giờ sáng thứ Bảy của chị Hạnh; thông báo người dùng theo Luật AI số 134/2025/QH15 | C10: Hàng chờ xử lý ngoại lệ; dữ liệu hạch toán của 20 doanh nghiệp; mở rộng bộ đề lên 500 ca | D10: Tích hợp sâu cơ sở dữ liệu kế toán; mô hình phân loại tài khoản hạch toán; audit log bảo mật
A11: Căn cứ kinh tế (số liệu của đề và trang 2) | B11: Mức 0 biên gộp 24,45%, Mức 1 biên gộp 68,79% (chi phí 704 đ/việc); kịch bản xấu hết tiền tháng 7 nếu doanh thu bình quân giảm dưới 3,71 triệu | C11: Mức 2 chi phí giảm còn 579 đ/việc, biên gộp 74,33%; bảo đảm dòng tiền an toàn trước mốc tháng 7 | D11: Mức 3 chi phí 516,5 đ/việc, biên gộp 77,10%; doanh thu bình quân ổn định ≥ 4,0 triệu/văn phòng
A12: Điều kiện dừng / đổi hướng | B12: NẾU doanh thu bình quân dưới 3,71 triệu/văn phòng trong 2 tháng liên tiếp trên ít nhất 10 văn phòng THÌ dừng mở rộng | C12: NẾU tỷ lệ cờ thừa > 25% kéo dài 2 tuần hoặc có 1 lỗi sai tiền lọt sang khách THÌ lùi về Mức 1 | D12: NẾU các phần mềm kế toán lớn ra tính năng tương đương miễn phí THÌ bỏ nhận dạng chung, tập trung đối soát thuế chuyên sâu

Sheet 4_Rà soát
A1: 4 · Lịch rà soát lộ trình
A2: Rà soát theo lịch VÀ mỗi khi có sự kiện. Ở mốc 30/60/90 chọn 1 trong 4: đi tiếp, sửa, đổi hướng, dừng.
A4: Mốc / sự kiện | B4: Nhìn vào chỉ số nào | C4: Quyết định có thể đưa ra | D4: Ai quyết
A5: Ngày 30 | B5: Tỷ lệ cờ thừa; tỷ lệ sai mã số thuế/tiền tuần đầu; số giờ chị Hạnh phải duyệt thực tế | C5: Đi tiếp (nếu 0 lỗi nghiêm trọng) / Sửa thuật toán gắn cờ và hạ ngưỡng nhạy | D5: Quản lý sản phẩm + Chị Hạnh
A6: Ngày 60 | B6: Cổng Mức 0 → 1: tỷ lệ đạt ≥ 97% trên 500 ca; tỷ lệ người duyệt giảm về 20%; chi phí thực tế/việc | C6: Đi tiếp (lên Mức 1) / Sửa (giữ Mức 0 và tinh chỉnh bộ đề chuẩn) | D6: Quản lý sản phẩm + Trưởng nhóm kỹ thuật
A7: Ngày 90 | B7: Doanh thu bình quân so với ngưỡng 3,71 triệu; số văn phòng dùng thường xuyên; tỷ lệ giữ chân khách lớn | C7: Đi tiếp (mở rộng kinh doanh) / Đổi hướng gói giá / Dừng theo điều kiện đề | D7: Ban lãnh đạo
A8: Có mô hình mới / giá gọi AI giảm mạnh | B8: Chi phí gọi AI mỗi việc (so với mốc 254 đồng); độ chính xác trên bộ đề 40 ca | C8: Đổi mô hình rẻ hơn? Chạy lại bộ kiểm thử bảo đảm 0 tầng tụt trước khi đổi | D8: Quản lý sản phẩm + Trưởng nhóm kỹ thuật
A9: Nền tảng hoặc đối thủ ra tính năng tương tự | B9: Tính năng nào bị làm thay (đọc XML hay đọc ảnh); tỷ lệ khách hàng rời bỏ | C9: Bỏ việc bị nuốt, dồn lực vào đối soát thuế chuyên sâu và gợi ý tài khoản hạch toán | D9: Ban lãnh đạo
A10: Quy định pháp lý thay đổi | B10: Yêu cầu minh bạch và dán nhãn theo Luật Trí tuệ nhân tạo số 134/2025/QH15 | C10: Cập nhật giao diện thông báo AI, bổ sung cơ chế lưu vết kiểm toán và quy trình khiếu nại | D10: Quản lý sản phẩm + Pháp chế
A12: Ngày 90 chưa đo được giá trị vòng đời thật: khách mới dùng 3 tháng. Chỉ dùng chỉ số đã có đủ dữ liệu.

Sheet 5_Slide lãnh đạo
A1: 5 · Lộ trình 1 slide cho lãnh đạo
A2: Kết luận trước. Không quá 60 chữ mỗi ô (cột C tự đếm).
C3: Số chữ | D3: Đạt?
A4: Kết luận (1 câu) | B4: Tập trung 3 tháng đầu vào bản 2 đọc hóa đơn và đối chiếu mã số thuế để giảm 50% thời gian nhập liệu, đưa biên gộp lên 68,8% và quyết định mở rộng ở ngày 90. | C4: =IF(TRIM(B4)="",0,LEN(TRIM(B4))-LEN(SUBSTITUTE(TRIM(B4)," ",""))+1) | D4: =IF(C4=0,"Trống",IF(C4>60,"Quá 60 chữ","Đạt"))
A5: 3 việc chính | B5: Bây giờ: Đọc ảnh hóa đơn bản 2, nhập tự động tệp gốc và đối chiếu mã số thuế · Tiếp theo: Tự động hóa 90% hóa đơn thường · Sau này: Gợi ý tài khoản hạch toán. | C5: =IF(TRIM(B5)="",0,LEN(TRIM(B5))-LEN(SUBSTITUTE(TRIM(B5)," ",""))+1) | D5: =IF(C5=0,"Trống",IF(C5>60,"Quá 60 chữ","Đạt"))
A6: Cần gì (người, tiền, dữ liệu) | B6: Chị Hạnh 3 giờ sáng thứ Bảy, anh Tùng chấm bộ đề; kết nối API Tổng cục Thuế; tích hợp phần mềm kế toán; ngân sách vận hành 450 triệu trong 6 tháng. | C6: =IF(TRIM(B6)="",0,LEN(TRIM(B6))-LEN(SUBSTITUTE(TRIM(B6)," ",""))+1) | D6: =IF(C6=0,"Trống",IF(C6>60,"Quá 60 chữ","Đạt"))
A7: Rủi ro lớn nhất & cách xử lý | B7: Doanh thu phụ thuộc 30% văn phòng lớn (65% doanh thu) và nguy cơ hết tiền tháng 7. Xử lý: Rút ngắn Mức 0, kiểm chứng chặt ngưỡng dừng 3,71 triệu ở ngày 90. | C7: =IF(TRIM(B7)="",0,LEN(TRIM(B7))-LEN(SUBSTITUTE(TRIM(B7)," ",""))+1) | D7: =IF(C7=0,"Trống",IF(C7>60,"Quá 60 chữ","Đạt"))
A8: Khi nào xem lại | B8: Rà soát ngày 30, 60, 90; rà soát ngay khi mô hình mới giảm giá hoặc phần mềm kế toán đối thủ tích hợp tính năng đọc hóa đơn miễn phí. | C8: =IF(TRIM(B8)="",0,LEN(TRIM(B8))-LEN(SUBSTITUTE(TRIM(B8)," ",""))+1) | D8: =IF(C8=0,"Trống",IF(C8>60,"Quá 60 chữ","Đạt"))

Sheet 6_Tự kiểm tra
A1: 6 · Tự kiểm tra
A2: Chưa 'Đạt' thì quay lại sửa trước khi nộp file.
A4: Điểm kiểm tra | B4: Kết quả | C4: Đạt?
A5: Số việc đã chấm điểm (cần ≥ 5) | B5: =COUNT('1_Danh sách việc'!M5:M14) | C5: =IF(B5>=5,"Đạt","Xem lại")
A6: Việc được giữ lại mà thiếu giả thuyết hoặc chỉ số có con số (cần = 0) | B6: =COUNTIFS('1_Danh sách việc'!O5:O14,"Thiếu",'1_Danh sách việc'!P5:P14,"<>Không làm") | C6: =IF(B5=0,"",IF(B6=0,"Đạt","Xem lại"))
A7: Số mức tự động có cổng đánh giá kèm con số (cần ≥ 2, không tính Mức 0) | B7: =COUNTIF('2_Mức tự động'!M6:M8,"Có") | C7: =IF(B7>=2,"Đạt","Xem lại")
A8: Bảng lộ trình: số ô tầng 'Bây giờ' đã điền (cần 8/8) | B8: =COUNTA('3_Bảng lộ trình'!B5:B12) | C8: =IF(B8=8,"Đạt","Xem lại")
A9: Điều kiện dừng tầng 'Bây giờ' có con số | B9: =IF(AND(LEN('3_Bảng lộ trình'!B12)>10,SUMPRODUCT(--ISNUMBER(SEARCH({"0","1","2","3","4","5","6","7","8","9"},'3_Bảng lộ trình'!B12)))>0),"Có","Chưa") | C9: =IF(B9="Có","Đạt","Xem lại")
A10: Căn cứ kinh tế có con số (từ số liệu của đề) | B10: =IF(AND(LEN('3_Bảng lộ trình'!B11)>10,SUMPRODUCT(--ISNUMBER(SEARCH({"0","1","2","3","4","5","6","7","8","9"},'3_Bảng lộ trình'!B11)))>0),"Có","Chưa") | C10: =IF(B10="Có","Đạt","Xem lại")
A11: Slide lãnh đạo: số ô đạt (đủ chữ, không quá 60 chữ; cần 5) | B11: =COUNTIF('5_Slide lãnh đạo'!D4:D8,"Đạt") | C11: =IF(B11=5,"Đạt","Xem lại")
A12: Số mức tự động có biên lợi nhuận ≥ 60% (cần ≥ 1) | B12: =COUNTIF('2_Mức tự động'!L5:L8,"Đạt") | C12: =IF(B12>=1,"Đạt","Xem lại")

Sheet 7_Thang điểm
A1: 7 · Thang điểm sản phẩm (100 điểm)
A4: Tiêu chí | B4: Điểm | C4: Bài đạt khi | D4: Điểm nhóm
A5: Theo kết quả và giả thuyết | B5: 20 | C5: Mỗi việc có giả thuyết, chỉ số và ngưỡng, không chỉ là tên tính năng
A6: Ưu tiên có căn cứ | B6: 20 | C6: Bảng điểm ≥ 5 việc; có sẵn sàng dữ liệu, đánh giá và rủi ro bị nuốt; dùng số liệu kinh tế của đề; đổi thứ tự hoặc bỏ việc thì ghi lý do
A7: Mức tự động và cổng đánh giá | B7: 25 | C7: ≥ 2 mức có cổng bằng con số (chỉ số, ngưỡng, cỡ mẫu); có vai trò của người; có chi phí mỗi việc theo mức
A8: Điều kiện cần và rủi ro | B8: 15 | C8: Nêu dữ liệu, hạ tầng, tuân thủ; điều kiện dừng đo được với quy mô thử nghiệm; có lịch rà soát
A9: Slide lãnh đạo | B9: 20 | C9: Kết luận trước, ≤ 60 chữ mỗi ô, trả lời được "cần gì" và "khi nào xem lại"
A10: TỔNG | B10: =SUM(B5:B9) | D10: =SUM(D5:D9)
A15: THANG ĐIỂM TRÌNH BÀY (1–5 điểm mỗi tiêu chí)
A16: Tiêu chí | B16: Mức 1 | C16: Mức 3 | D16: Mức 5
A17: Rõ ràng | B17: Câu đầu chưa có kết luận; người nghe phải đoán nhóm làm gì trước | C17: Có kết luận nhưng nói sau phần mở đầu, hoặc thiếu mốc quyết định | D17: Câu đầu có việc làm trước, mục tiêu bằng số và ngày quyết định
A18: Bằng chứng | B18: Không có cổng đánh giá, hoặc số không có nguồn | C18: Có cổng nhưng thiếu cỡ mẫu hoặc căn cứ kinh tế | D18: Cổng đủ chỉ số, ngưỡng, cỡ mẫu; căn cứ kinh tế lấy từ số liệu của đề
A19: Trả lời phản biện | B19: Né câu hỏi hoặc trả lời chung chung | C19: Trả lời đúng ý nhưng không dẫn số | D19: Trả lời thẳng, dẫn đúng con số trong file
A20: Đúng giờ | B20: Quá 4 phút | C20: Từ 3 đến 4 phút | D20: Không quá 3 phút
A22: Mức 2 và 4 dùng khi bài nằm giữa hai mô tả. Bản chuẩn của buổi học không có phần trình bày trên lớp: điểm buổi = thang sản phẩm 100 điểm ở trên. Thang trình bày chỉ dùng khi giảng viên tổ chức trình bày.
